ObjectID,GlobalID,ParentGlobalID,CreationDate,Creator,EditDate,Editor,x,y
1,422c00a8-f4d6-49ad-8f36-7dd30c0e574f,9e88268e-3aa1-43ad-8e74-b33480ebe908,1/16/2021 11:36:49 PM,,1/16/2021 11:36:49 PM,,-124.062279477719,44.7462836986802
2,6ef4d07b-cf09-4d5b-827c-f1671abc9b8f,9e88268e-3aa1-43ad-8e74-b33480ebe908,1/16/2021 11:36:49 PM,,1/16/2021 11:36:49 PM,,-124.06030972179,44.6526288110448
3,95353b33-8edb-4024-82c0-d163c336ca12,78a0bf03-9dc5-4af7-83a4-9faeaf0be538,1/18/2021 7:07:54 PM,,1/18/2021 7:07:54 PM,,-124.078454417831,44.424496639713
4,8efec73d-b420-419b-8b1b-7133366f6fbb,78a0bf03-9dc5-4af7-83a4-9faeaf0be538,1/18/2021 7:07:54 PM,,1/18/2021 7:07:54 PM,,-124.083815272261,44.4370842809375
5,9b22adb5-14cf-4356-88a3-d74e3decaa03,42fd95c7-03dc-4117-850a-e44824b54c84,1/19/2021 5:18:11 AM,,1/19/2021 5:18:11 AM,,-124.210700097878,42.0050931637735
6,d085c58b-1212-41fe-84cf-1d0c932cb78b,42fd95c7-03dc-4117-850a-e44824b54c84,1/19/2021 5:18:11 AM,,1/19/2021 5:18:11 AM,,-124.210115583514,41.9984666266178
7,78661020-5c27-49cf-867d-c0646181a1ad,3a6295d8-9b29-40a5-8a04-06cae0cb6e03,1/19/2021 5:59:36 PM,,1/19/2021 5:59:36 PM,,-124.086585557396,44.4004794929263
8,596dc474-926b-4830-8e01-b260636410b9,3a6295d8-9b29-40a5-8a04-06cae0cb6e03,1/19/2021 5:59:36 PM,,1/19/2021 5:59:36 PM,,-124.077908991862,44.4204149230802
9,e218bb0a-4904-4f29-837e-f0702ee49fe9,b660d37d-3bb0-4d9e-88fa-b1aa3f83a8b9,1/19/2021 6:05:52 PM,,1/19/2021 6:05:52 PM,,-123.939720343933,45.7035077751904
10,34bfe912-e81b-45e4-8d0d-73e3e2f3d44f,b660d37d-3bb0-4d9e-88fa-b1aa3f83a8b9,1/19/2021 6:05:52 PM,,1/19/2021 6:05:52 PM,,-123.941279386596,45.6685258496924
11,4f667b35-6342-4799-8ae9-6cf8667b1ff2,aa920d10-235f-4d8a-8e78-b709dba1a4cc,1/20/2021 12:49:10 AM,,1/20/2021 12:49:10 AM,,-124.171348229123,43.790044895542
12,3fd82d6a-363b-4a90-80f5-f6b6d211c252,aa920d10-235f-4d8a-8e78-b709dba1a4cc,1/20/2021 12:49:10 AM,,1/20/2021 12:49:10 AM,,-124.204748017524,43.6727203252733
13,e62917d4-0682-40c7-80e6-714ba1c22c57,710c036c-7d63-4e18-816b-d162188ee02f,1/20/2021 5:42:41 PM,,1/20/2021 5:42:41 PM,,-124.423274296064,42.461773519152
14,4ba27447-f260-4d1a-86e5-ddec630e2a70,710c036c-7d63-4e18-816b-d162188ee02f,1/20/2021 5:42:41 PM,,1/20/2021 5:42:41 PM,,-124.430034068177,42.4231421689882
15,7c350b1b-3c0c-4c0f-8e24-e7c2ea143321,084ecc49-6866-4d76-8bb8-1f335ead89c1,1/20/2021 7:21:43 PM,,1/20/2021 7:21:43 PM,,-124.083683707571,44.4364835578645
16,db11cf86-5f34-451e-8d6b-98f2ce37012e,084ecc49-6866-4d76-8bb8-1f335ead89c1,1/20/2021 7:21:43 PM,,1/20/2021 7:21:43 PM,,-124.078416725057,44.4249613570909
17,2de6c25e-f9aa-40f9-8bd6-5250fb13bc96,ab317453-076f-48a9-85ff-30dc96378739,1/20/2021 8:24:21 PM,,1/20/2021 8:24:21 PM,,-124.080530015789,44.4525399964547
18,b7130ff3-19e7-4163-81b0-a7f24a15a7b9,ab317453-076f-48a9-85ff-30dc96378739,1/20/2021 8:24:21 PM,,1/20/2021 8:24:21 PM,,-124.0807,44.47804
19,4042016c-d3bc-4d2c-82ec-ee709ee95c2d,46671e85-b184-485f-8021-a71a3e25d514,1/21/2021 2:13:26 PM,,1/21/2021 2:13:26 PM,,-124.082251859595,44.4526404534785
20,48c6dc1b-bfe6-4ac7-88c2-c11c84a5ef1e,46671e85-b184-485f-8021-a71a3e25d514,1/21/2021 2:13:26 PM,,1/21/2021 2:13:26 PM,,-124.078290519974,44.4260499053044
21,1e3a051e-b478-4f1d-887d-55c2e6112d7a,aa78a9ab-e01c-4063-8c83-14eb101ae6ae,1/21/2021 5:42:18 PM,,1/21/2021 5:42:18 PM,,-124.06396533319,44.621709753599
22,be6f1e92-9699-4975-81f1-d7d764af8a5f,aa78a9ab-e01c-4063-8c83-14eb101ae6ae,1/21/2021 5:42:18 PM,,1/21/2021 5:42:18 PM,,-124.065892698897,44.6254785872758
23,9a759944-e9d0-46a6-8af9-6702ab243c88,a28f4eda-b387-4e2d-859e-792248d5bc5b,1/21/2021 7:45:51 PM,,1/21/2021 7:45:51 PM,,-124.030734020529,46.7228722806252
24,b5ad82da-50e0-4848-8acd-bc602de60664,a28f4eda-b387-4e2d-859e-792248d5bc5b,1/21/2021 7:45:51 PM,,1/21/2021 7:45:51 PM,,-123.989339100203,46.706706512243
25,e21d3027-a95e-42c6-8bce-039bb9f6d24c,7263a2c5-a620-49d0-8e39-bea201cf29cb,1/22/2021 6:25:27 PM,,1/22/2021 6:25:27 PM,,-124.112298021365,46.849187616401
26,de79cb08-05b7-43ef-8b25-5e7cad03eb92,7263a2c5-a620-49d0-8e39-bea201cf29cb,1/22/2021 6:25:27 PM,,1/22/2021 6:25:27 PM,,-124.078284362229,46.7373815961954
27,cb1377b8-2847-43a1-885c-db76bf4a90e9,56d0fdc5-2eeb-446c-852d-2e2813eaadcf,1/22/2021 6:33:39 PM,,1/22/2021 6:33:39 PM,,-124.174846238186,46.9628259171948
28,6a90cd47-2117-4250-8101-265e891955b7,56d0fdc5-2eeb-446c-852d-2e2813eaadcf,1/22/2021 6:33:39 PM,,1/22/2021 6:33:39 PM,,-124.177162718354,47.07033962898
29,d953cea5-c7c8-4ac6-8f0e-e8a834e48f37,6cd08148-e36d-4825-8f8d-b3df18172715,1/22/2021 6:36:43 PM,,1/22/2021 6:36:43 PM,,-124.17671968694,47.0703764142773
30,e395ca46-91a2-409c-8bd3-5ae087028995,6cd08148-e36d-4825-8f8d-b3df18172715,1/22/2021 6:36:43 PM,,1/22/2021 6:36:43 PM,,-124.185956465727,47.1396502911487
31,b4e61935-441e-4090-8bb2-de09f54aaa75,5cf4d6b8-ac36-48e8-8330-22e2c3061c28,1/22/2021 6:40:20 PM,,1/22/2021 6:40:20 PM,,-124.185261797787,47.1223990197281
32,0f9b196b-de7d-4b60-860e-4b76f23de7a5,5cf4d6b8-ac36-48e8-8330-22e2c3061c28,1/22/2021 6:40:20 PM,,1/22/2021 6:40:20 PM,,-124.186161685428,47.1399880432075
33,b9c0b96d-56b3-43c8-8b1f-fa78bec4c5e8,2e0771be-b601-40f0-888f-7548506abc46,1/22/2021 6:45:36 PM,,1/22/2021 6:45:36 PM,,-124.141136669352,46.945512664039
34,4016bdc2-2e64-4bad-84d7-e70fac9cbb8b,2e0771be-b601-40f0-888f-7548506abc46,1/22/2021 6:45:36 PM,,1/22/2021 6:45:36 PM,,-124.154406787546,46.9403189765746
35,cfd53259-cc48-41a7-8f13-cb59dc1cf97e,7f4af755-a9b3-4e1a-839b-62aaa8388504,1/22/2021 9:45:29 PM,,1/22/2021 9:45:29 PM,,-124.026829982444,44.9200365417225
36,6371ca20-bef6-4a03-8f31-bd25897588f1,7f4af755-a9b3-4e1a-839b-62aaa8388504,1/22/2021 9:45:29 PM,,1/22/2021 9:45:29 PM,,-124.024152040566,44.9238477503487
37,f5a18041-3faf-4cf6-8c52-87e56542a0e1,023c4eeb-6d37-4987-87a1-2ed047966118,1/22/2021 11:16:24 PM,,1/22/2021 11:16:24 PM,,-124.399523735014,43.1854458669533
38,485fdd42-776a-4ea9-8d80-8deea17dfb79,023c4eeb-6d37-4987-87a1-2ed047966118,1/22/2021 11:16:24 PM,,1/22/2021 11:16:24 PM,,-124.419651031461,43.1270673405008
39,2c5a04e3-ea03-4a11-805a-528cdfafdb6b,015c8db8-9b9e-4698-8a50-f10114d2d52a,1/25/2021 2:26:01 AM,hrenn_usfs,1/25/2021 2:26:01 AM,hrenn_usfs,-123.965115115684,45.2689397338377
40,6f4fde61-9244-4045-8787-ecb565cbd4a0,015c8db8-9b9e-4698-8a50-f10114d2d52a,1/25/2021 2:26:01 AM,hrenn_usfs,1/25/2021 2:26:01 AM,hrenn_usfs,-123.959815838138,45.2876248075431
41,cc55f317-541d-4467-83a0-11d83cbd5690,a4c5a6a9-0e5c-4c35-8a02-679c46215b2f,1/25/2021 8:32:02 PM,,1/25/2021 8:32:02 PM,,-124.153468949482,43.8931665773859
42,72ee587e-4f94-499a-8876-704aa255441f,a4c5a6a9-0e5c-4c35-8a02-679c46215b2f,1/25/2021 8:32:02 PM,,1/25/2021 8:32:02 PM,,-124.137751136926,44.0150116531214
43,d221f2d0-d57e-4496-8589-f1856b96a8f6,91da170f-d3ed-4e04-864b-71684c68a0d3,1/25/2021 11:09:15 PM,,1/25/2021 11:09:15 PM,,-123.968685865371,45.1924890908521
44,288d130d-ae8a-4fdb-8ffa-715367a045cd,91da170f-d3ed-4e04-864b-71684c68a0d3,1/25/2021 11:09:15 PM,,1/25/2021 11:09:15 PM,,-123.969034011146,45.1615992906786
45,0f4d7be7-4df3-4d95-8e12-1b594a0fddd3,7a7e46c1-1217-47b5-84b3-c039886f71dd,1/26/2021 6:45:59 PM,,1/26/2021 6:45:59 PM,,-124.022467075846,46.2285508309898
46,b203dc2c-4cef-4169-8a1a-78297a9f73b8,7a7e46c1-1217-47b5-84b3-c039886f71dd,1/26/2021 6:45:59 PM,,1/26/2021 6:45:59 PM,,-124.008399025885,46.2372702663104
47,3dbb2c6b-b440-4b11-8e21-d56fe52e82de,785ad6cb-4c1e-47c5-8901-5a7a010b0c88,1/26/2021 9:37:21 PM,,1/26/2021 9:37:21 PM,,-124.07528,46.27111
48,a3abc6f1-8a18-4b99-8697-361ea04d2c19,785ad6cb-4c1e-47c5-8901-5a7a010b0c88,1/26/2021 9:37:21 PM,,1/26/2021 9:37:21 PM,,-124.07543,46.29676
49,7a6075ec-4769-460c-8edd-5727d2981676,fad317e4-e6b6-4cfb-8739-61563b4876d5,1/26/2021 9:55:48 PM,william_ritchie@fws.gov_fws,1/26/2021 9:55:48 PM,william_ritchie@fws.gov_fws,-124.07441,46.30292
50,babb258d-f0e6-4b31-8cf6-ff4d33e94e5f,fad317e4-e6b6-4cfb-8739-61563b4876d5,1/26/2021 9:55:48 PM,william_ritchie@fws.gov_fws,1/26/2021 9:55:48 PM,william_ritchie@fws.gov_fws,-124.06245,46.54841
51,be96b194-a320-4c85-8c54-9b0394933f57,45f1521a-94b8-445a-8bcb-11f55f0177c0,1/26/2021 11:00:24 PM,william_ritchie@fws.gov_fws,1/26/2021 11:00:24 PM,william_ritchie@fws.gov_fws,-124.06245,46.54841
52,7de09cea-124b-49f6-8812-c4af6c92568d,45f1521a-94b8-445a-8bcb-11f55f0177c0,1/26/2021 11:00:24 PM,william_ritchie@fws.gov_fws,1/26/2021 11:00:24 PM,william_ritchie@fws.gov_fws,-124.0573,46.66219
53,63d167cb-8c74-4a6f-87c7-e23d7f278053,dfaf1edc-d35e-4fd1-87f3-a33e98abed0c,1/27/2021 12:53:45 AM,,1/27/2021 12:53:45 AM,,-123.925848473073,46.012303934485
54,3703e791-4aae-4a02-8a5d-6b775d574063,dfaf1edc-d35e-4fd1-87f3-a33e98abed0c,1/27/2021 12:53:45 AM,,1/27/2021 12:53:45 AM,,-123.927796830749,46.0236671315466
55,a20b1a37-f4b5-4e42-8ef1-f6159963c517,9b75d99b-4604-4207-87c9-886e70fcb378,1/27/2021 10:52:44 PM,,1/27/2021 10:52:44 PM,,-124.46508954148,42.9887839382483
56,e1c707eb-719f-4e42-8535-6b39ed9a7c27,9b75d99b-4604-4207-87c9-886e70fcb378,1/27/2021 10:52:44 PM,,1/27/2021 10:52:44 PM,,-124.50489,42.89478
57,043e3279-a5d1-461f-833e-9a6d2cc06a6a,58a614f1-84ce-41a7-8b15-e4ae0319b0a8,1/27/2021 11:05:24 PM,,1/27/2021 11:05:24 PM,,-124.437118572921,43.0726623894083
58,8c91a676-2337-4a8e-854b-4ebb7baf74d5,58a614f1-84ce-41a7-8b15-e4ae0319b0a8,1/27/2021 11:05:24 PM,,1/27/2021 11:05:24 PM,,-124.462905121349,42.991270145476
59,ff65e690-af53-4e5f-86a3-3f67e835639b,9121b578-577c-4d0d-8ad9-f361baf8a92a,1/27/2021 11:25:34 PM,,1/27/2021 11:25:34 PM,,-124.300392825928,43.4128422861477
60,3c9171f4-feac-4a6b-8bc6-4d14019278f3,9121b578-577c-4d0d-8ad9-f361baf8a92a,1/27/2021 11:25:34 PM,,1/27/2021 11:25:34 PM,,-124.338408635798,43.3589524055872
61,d9e7f006-0846-4798-8b1a-f637601c2c3a,3fb4e159-10fc-458e-8e79-5fe725fbd1b5,1/27/2021 11:43:17 PM,,1/27/2021 11:43:17 PM,,-124.227771000061,43.576115693072
62,57e8db8e-2b7a-4218-8aed-8507e8dd8b7c,3fb4e159-10fc-458e-8e79-5fe725fbd1b5,1/27/2021 11:43:17 PM,,1/27/2021 11:43:17 PM,,-124.234945483708,43.5551471415591
63,2d44dd51-46b4-4eab-85af-0b39d644f905,4f22e7b4-6744-40a3-8712-ac9795d05d94,1/27/2021 11:46:26 PM,,1/27/2021 11:46:26 PM,,-124.21328628601,43.6320663862857
64,075c9879-b15a-413d-8bba-2d2d5993b72a,4f22e7b4-6744-40a3-8712-ac9795d05d94,1/27/2021 11:46:26 PM,,1/27/2021 11:46:26 PM,,-124.227705841674,43.5775722308543
65,9c0bfcf7-8c41-432b-8f21-5bd02617ff59,bfcc388d-eaff-4e0e-80ca-c11fff8d961d,1/28/2021 6:59:53 PM,,1/28/2021 6:59:53 PM,,-124.169266497803,43.8062483328744
66,e1d217b3-515e-427e-8797-c1efe7fa0abb,bfcc388d-eaff-4e0e-80ca-c11fff8d961d,1/28/2021 6:59:53 PM,,1/28/2021 6:59:53 PM,,-124.172699725342,43.7902897679275
67,434869e0-c17c-4ff4-8d51-95138f6d6db1,01fa2926-9f50-458a-8d56-0c7c90a3e01e,1/28/2021 7:03:57 PM,,1/28/2021 7:03:57 PM,,-124.158280169678,43.8689014508996
68,95a2bae0-be5b-4bef-8748-91b5739587e4,01fa2926-9f50-458a-8d56-0c7c90a3e01e,1/28/2021 7:03:57 PM,,1/28/2021 7:03:57 PM,,-124.170296466064,43.808626890426
69,ee0c8372-21d5-4b4f-8ff0-be8f461322d9,88c4f17c-7c8c-4b77-81d0-16ce77d0d666,1/28/2021 7:09:01 PM,,1/28/2021 7:09:01 PM,,-124.150555407715,43.924149093499
70,8da8c94a-d414-4a6a-8cf9-0a4dcf5bc633,88c4f17c-7c8c-4b77-81d0-16ce77d0d666,1/28/2021 7:09:01 PM,,1/28/2021 7:09:01 PM,,-124.157250201416,43.8705350048712
71,f977a960-826f-42a0-86d5-60f24535fab7,2550d431-2d34-4f26-80ed-8d16721641fc,1/28/2021 7:12:26 PM,,1/28/2021 7:12:26 PM,,-124.12411864563,44.0888949389772
72,e5818494-fd9e-4e42-845f-3d4c0b85c26a,2550d431-2d34-4f26-80ed-8d16721641fc,1/28/2021 7:12:26 PM,,1/28/2021 7:12:26 PM,,-124.130942185364,44.0527134747804
73,0ff30bb6-30c5-4911-8cbd-bbc7670db716,4e2a9e54-54bc-445e-81ad-c75611cf4be9,2/1/2021 8:20:39 PM,,2/1/2021 8:20:39 PM,,-123.9581991,45.5057841
74,de62b6cb-dc33-48ca-8b63-21f214ceee67,4e2a9e54-54bc-445e-81ad-c75611cf4be9,2/1/2021 8:20:39 PM,,2/1/2021 8:20:39 PM,,-123.9522412,45.5305048
75,a8b9ad18-b527-4ffc-87f0-899486a9fbc8,58ae631e-724d-4c15-8756-eddbe3cbf2ad,2/1/2021 10:22:12 PM,,2/1/2021 10:22:12 PM,,-124.071565675607,44.6125200988288
76,17fbb88d-9408-480a-8679-4b2b66ae35c9,58ae631e-724d-4c15-8756-eddbe3cbf2ad,2/1/2021 10:22:12 PM,,2/1/2021 10:22:12 PM,,-124.067242876717,44.5981997729475
77,60e7cb1d-8e71-4ca4-8e8e-61a0c88950f0,17f929b8-c542-48b5-8290-dd00bcdfec56,2/1/2021 11:11:19 PM,,2/1/2021 11:11:19 PM,,-124.404491919499,42.2756981421889
78,98450cdc-bf97-4dde-881e-e55f33633809,17f929b8-c542-48b5-8290-dd00bcdfec56,2/1/2021 11:11:19 PM,,2/1/2021 11:11:19 PM,,-124.407164798358,42.2716645974056
79,13171057-0517-4d69-800f-7dd0d54ac52e,e514f80e-156d-420e-8b5a-894bde4b2ad7,2/1/2021 11:27:08 PM,,2/1/2021 11:27:08 PM,,-123.969319096316,45.3697535502256
80,143a12b8-07ac-4764-86b0-73d53e7f73ea,e514f80e-156d-420e-8b5a-894bde4b2ad7,2/1/2021 11:27:08 PM,,2/1/2021 11:27:08 PM,,-123.959426381674,45.4288189127501
81,af74b826-f228-4ac9-8178-0a18c25da0c2,f51e56c7-9739-4286-85aa-57cf39fb8456,2/2/2021 1:08:50 AM,,2/2/2021 1:08:50 AM,,-123.953150761524,45.5283975353975
82,c0ecaea7-f08e-45e4-86ce-eb6d7853181c,f51e56c7-9739-4286-85aa-57cf39fb8456,2/2/2021 1:08:50 AM,,2/2/2021 1:08:50 AM,,-123.951120866921,45.5654699808741
83,dee6d475-85bc-4811-8057-4b41d18752b5,2b30b357-3396-4e00-8128-c912fc79cc61,2/2/2021 6:15:54 PM,,2/2/2021 6:15:54 PM,,-123.948162444132,46.1138555828815
84,0baefc46-062b-4645-83ec-dfb4d3b7dbec,2b30b357-3396-4e00-8128-c912fc79cc61,2/2/2021 6:15:54 PM,,2/2/2021 6:15:54 PM,,-123.964735673172,46.1497784413137
85,76f46865-53cd-44cf-8947-eff8d6f1f4b8,7ebdc5e8-f640-4ef2-86c8-171c42fdc164,2/3/2021 4:13:46 AM,,2/3/2021 4:13:46 AM,,-124.39177265913,42.5612325009856
86,574d02b1-eb17-42d5-8294-06fd5dfbfae8,7ebdc5e8-f640-4ef2-86c8-171c42fdc164,2/3/2021 4:13:46 AM,,2/3/2021 4:13:46 AM,,-124.400715143986,42.5363713336282
87,60587394-bf42-4762-8cd2-bc87ac2e531f,ce8863a3-b4b5-4ebb-8420-7f7c6e15783d,2/4/2021 5:55:51 AM,,2/4/2021 5:55:51 AM,,-124.534958489237,42.871349484529
88,3751d00f-e3b9-42f1-8ad2-87fcba852ee7,ce8863a3-b4b5-4ebb-8420-7f7c6e15783d,2/4/2021 5:55:51 AM,,2/4/2021 5:55:51 AM,,-124.542038634658,42.8544633239818
89,6f8db3ce-ad5f-427d-88e6-de34dd6f6d51,49812851-aef9-487d-84af-cf27fc2a5e4c,2/4/2021 5:44:31 PM,,2/4/2021 5:44:31 PM,,-124.131430876717,44.0575341337868
90,48d7fc9a-088b-433a-8199-97e343ab45f5,49812851-aef9-487d-84af-cf27fc2a5e4c,2/4/2021 5:44:31 PM,,2/4/2021 5:44:31 PM,,-124.138074684668,44.01880598257
91,fdf91d50-fa48-4afc-85fd-87a48ab93f4a,6b289661-ccd9-4465-8c5f-bc2c79c98e84,2/8/2021 9:45:54 PM,,2/8/2021 9:45:54 PM,,-124.524029216919,42.7914279294889
92,d9d31d0d-2630-46ea-84e2-347679b5a936,6b289661-ccd9-4465-8c5f-bc2c79c98e84,2/8/2021 9:45:54 PM,,2/8/2021 9:45:54 PM,,-124.536646328125,42.8136955137098
93,0d634f01-8117-48e5-86da-fad5d247796b,51c4691a-0240-4b45-837b-9641fefe791f,2/8/2021 9:53:15 PM,,2/8/2021 9:53:15 PM,,-124.54505019331,42.8244155989255
94,15748443-d264-462a-8f75-4d7029af1309,51c4691a-0240-4b45-837b-9641fefe791f,2/8/2021 9:53:15 PM,,2/8/2021 9:53:15 PM,,-124.535570085428,42.8135433842118
95,789ce412-ac76-44c8-8927-75d830e7560c,c8e0f6fe-7bd8-4e8a-81d6-a4a4f8342e64,5/16/2021 4:51:46 PM,,5/16/2021 4:51:46 PM,,-124.067327600119,44.5971416562585
96,f44223b1-c539-4c5e-88fb-6b508381ee89,c8e0f6fe-7bd8-4e8a-81d6-a4a4f8342e64,5/16/2021 4:51:46 PM,,5/16/2021 4:51:46 PM,,-124.070312273564,44.6127604045934
99,799fced7-01e4-4689-8221-e4d4486ebab7,7ddcd545-81cc-45b3-8eaa-23a53cbdc927,5/17/2021 12:55:06 PM,,5/17/2021 12:55:06 PM,,-124.064820836182,44.6206750148874
100,4fd6b02b-e6f5-49c2-8d88-5be99f36f248,7ddcd545-81cc-45b3-8eaa-23a53cbdc927,5/17/2021 12:55:06 PM,,5/17/2021 12:55:06 PM,,-124.06713826477,44.6260813993822
101,897d1703-c19a-48a3-8620-58662388e952,7004aa6f-858a-4f5a-8e39-8b4b03f8b77e,5/17/2021 11:38:14 PM,,5/17/2021 11:38:14 PM,,-124.08655127331,44.4006690005331
102,5c78cbc6-d100-4363-8268-3f22ad58e26f,7004aa6f-858a-4f5a-8e39-8b4b03f8b77e,5/17/2021 11:38:14 PM,,5/17/2021 11:38:14 PM,,-124.079698831444,44.4198204416181
103,8b191982-f88b-49d4-89b9-fdb2938d7375,6d43c552-547a-4b77-81fe-d8c6411a7f75,5/17/2021 11:53:36 PM,,5/17/2021 11:53:36 PM,,-124.07785883606,44.4235576256752
104,43c03776-6811-4083-8adb-8605b4316e6e,6d43c552-547a-4b77-81fe-d8c6411a7f75,5/17/2021 11:53:36 PM,,5/17/2021 11:53:36 PM,,-124.083432270184,44.4830850757444
105,e21e7761-b7ef-4ed5-8c95-9feaaa650c6d,401c9ec4-e1cd-4ee1-8dcf-c3983f038366,5/19/2021 2:04:48 AM,,5/19/2021 2:04:48 AM,,-124.391579191067,42.5606741707486
106,28e6d85c-cf13-449b-86ec-8562e118a2f1,401c9ec4-e1cd-4ee1-8dcf-c3983f038366,5/19/2021 2:04:48 AM,,5/19/2021 2:04:48 AM,,-124.40103618788,42.5364919842212
107,5975f40b-16a2-4d97-8ab0-166a6bb0e00f,e73456ee-02a5-4d68-8883-d27a847f3abc,5/19/2021 3:35:09 PM,,5/19/2021 3:35:09 PM,,-123.968611699844,45.2019744591467
108,738498c5-8f55-4f2e-8d1e-f9a36211db80,e73456ee-02a5-4d68-8883-d27a847f3abc,5/19/2021 3:35:09 PM,,5/19/2021 3:35:09 PM,,-123.969019395614,45.1612360896654
109,85e3a430-0ca3-4785-84d3-77fbb8c02d81,654697e4-50d0-49b2-8671-41c74b985d9a,5/19/2021 5:03:18 PM,,5/19/2021 5:03:18 PM,,-124.533957809447,42.8690248636691
110,1c579fa0-da51-4afd-8f23-16722bf8f41d,654697e4-50d0-49b2-8671-41c74b985d9a,5/19/2021 5:03:18 PM,,5/19/2021 5:03:18 PM,,-124.544858306885,42.8516602999775
111,33aad98a-fe80-49d5-802b-9c5a4bfd2eaa,d7d20cd9-3dd0-4012-815d-367627d98f96,5/19/2021 9:01:43 PM,,5/19/2021 9:01:43 PM,,-124.395577749824,43.2108750551515
112,92759e73-9859-4c83-8338-63b2f487ef7f,d7d20cd9-3dd0-4012-815d-367627d98f96,5/19/2021 9:01:43 PM,,5/19/2021 9:01:43 PM,,-124.425295335555,43.1256846013472
113,5b7b4cac-c57f-4bce-865e-3990c5545cac,b842296f-936e-4564-8441-0cbe7966513c,5/20/2021 3:32:21 AM,,5/20/2021 3:32:21 AM,,-123.952549953417,45.5312896764377
114,457493ac-3273-4564-8260-2d6af0297200,b842296f-936e-4564-8441-0cbe7966513c,5/20/2021 3:32:21 AM,,5/20/2021 3:32:21 AM,,-123.9513955301,45.5656848021926
115,463eddaf-a45d-452c-87df-ed0bb8d27cf6,4559f59f-a286-49e7-85cd-46047434b266,5/20/2021 3:32:37 PM,,5/20/2021 3:32:37 PM,,-124.058007615054,44.65829412012
116,541b1516-70f2-4738-85d7-72e21284f46f,4559f59f-a286-49e7-85cd-46047434b266,5/20/2021 3:32:37 PM,,5/20/2021 3:32:37 PM,,-124.064494287983,44.6738720923502
117,b3dc03a2-51f7-43dc-8a0c-eb704e085e8b,18baf7cb-07dd-4c0f-8eb7-08e30c2f7aca,5/20/2021 6:39:22 PM,,5/20/2021 6:39:22 PM,,-124.211817948514,41.9992695817076
118,69d200fe-173a-44e1-8a3d-eae9ea5f15ee,18baf7cb-07dd-4c0f-8eb7-08e30c2f7aca,5/20/2021 6:39:22 PM,,5/20/2021 6:39:22 PM,,-124.210542433308,42.0049996440391
119,96a6cd4d-d881-4e04-8b0f-974a77b73a88,839c533b-a234-4f79-8c5b-7abb4c633924,5/20/2021 6:45:40 PM,,5/20/2021 6:45:40 PM,,-124.412769529469,42.3010157746017
120,0c9c2d20-2b1b-44a0-84f5-f2a62cddaae6,839c533b-a234-4f79-8c5b-7abb4c633924,5/20/2021 6:45:40 PM,,5/20/2021 6:45:40 PM,,-124.408378101095,42.2870299614778
121,c9ba8a48-6ea9-419e-863e-73e20ffbe66e,eae6ce24-f2b3-4667-85da-fd3b681a3e3e,5/20/2021 6:49:46 PM,,5/20/2021 6:49:46 PM,,-124.42318711665,42.4615998331266
122,c8d0fd22-0e5f-4192-84ac-edc4071b765b,eae6ce24-f2b3-4667-85da-fd3b681a3e3e,5/20/2021 6:49:46 PM,,5/20/2021 6:49:46 PM,,-124.430843723263,42.4229175799632
123,0c6ec017-d4db-48da-8261-1580d1d7cfec,1994779c-4869-4f8e-8d77-a3073d7741fc,5/21/2021 8:03:42 PM,,5/21/2021 8:03:42 PM,,-124.007629748027,46.2359812582832
124,cdcb0fe8-052f-4287-829d-21ceaf266048,1994779c-4869-4f8e-8d77-a3073d7741fc,5/21/2021 8:03:42 PM,,5/21/2021 8:03:42 PM,,-124.020471156985,46.2292017579363
125,bfca29b4-f975-481d-809f-100ceacca6a6,d2ab4576-90b5-45c7-8d8c-d0df487c35ea,5/24/2021 3:13:00 PM,,5/24/2021 3:13:00 PM,,-124.00793824842,45.0347292928836
126,7e0269a8-517d-4d8b-8ade-64cba68ee77a,d2ab4576-90b5-45c7-8d8c-d0df487c35ea,5/24/2021 3:13:00 PM,,5/24/2021 3:13:00 PM,,-123.995793206001,45.0396079943725
127,34fffac9-8cfe-4ce7-8e29-2deca5c6f0ce,50a7e473-8b89-4ae9-8be2-da5bcbe5a7a7,5/24/2021 6:08:57 PM,,5/24/2021 6:08:57 PM,,-124.027547128529,44.9196199100389
128,ad9abe8c-54d9-4ab9-8743-571c62d72482,50a7e473-8b89-4ae9-8be2-da5bcbe5a7a7,5/24/2021 6:08:57 PM,,5/24/2021 6:08:57 PM,,-124.023859841132,44.924675722654
131,b4569e42-e0c0-4c9a-8435-29a1a3319d8f,3fceaef3-e60a-4a8e-8c8b-38aa19b572e6,5/24/2021 8:00:16 PM,,5/24/2021 8:00:16 PM,,-124.098259100503,46.7464286647748
132,453f6ec4-4d0b-4956-8acb-b8256aff7a7a,3fceaef3-e60a-4a8e-8c8b-38aa19b572e6,5/24/2021 8:00:16 PM,,5/24/2021 8:00:16 PM,,-124.101710198521,46.7939632575695
133,a34ab87f-7c21-4df2-89f4-cb8d6dc0e010,8245bc0b-5508-43b3-8a95-e8db262dcf93,5/24/2021 8:08:32 PM,,5/24/2021 8:08:32 PM,,-124.035329725772,46.7239100385802
134,a2492fac-560f-4333-82a9-4fcdc59d2f02,8245bc0b-5508-43b3-8a95-e8db262dcf93,5/24/2021 8:08:32 PM,,5/24/2021 8:08:32 PM,,-123.98924222212,46.7058864548189
135,9e9057d8-5931-403a-8e62-7d538fd9ed71,65202e38-5c6c-460d-883f-2722daca6e5d,5/24/2021 8:13:23 PM,,5/24/2021 8:13:23 PM,,-124.175491886675,46.949323893342
136,a4c3e88a-89e4-4945-84cc-b2b3e871402a,65202e38-5c6c-460d-883f-2722daca6e5d,5/24/2021 8:13:23 PM,,5/24/2021 8:13:23 PM,,-124.178074858753,47.0703190822151
137,123f7a1e-04a1-4c8e-8625-f6e1d580b56e,c1679c61-f4b3-4467-8cb9-36f2518591d3,5/24/2021 8:16:07 PM,,5/24/2021 8:16:07 PM,,-124.17821192599,47.0702696207573
138,71a86384-712e-47aa-8602-d46d1135feac,c1679c61-f4b3-4467-8cb9-36f2518591d3,5/24/2021 8:16:07 PM,,5/24/2021 8:16:07 PM,,-124.184170007373,47.1210563265091
139,48b47d06-449a-4c22-810c-551aa19734c8,4e092f9a-9978-415f-8690-f0031d42c8a5,5/24/2021 8:18:34 PM,,5/24/2021 8:18:34 PM,,-124.184077016705,47.1213045469286
140,d57957eb-2fd1-42b6-8279-6d5198406bcb,4e092f9a-9978-415f-8690-f0031d42c8a5,5/24/2021 8:18:34 PM,,5/24/2021 8:18:34 PM,,-124.186413232981,47.1398622135884
141,be7042cc-954c-4c1f-81ed-5d75b2ab2d6c,b4380e51-3aef-42c4-8c82-32e424a5c7c5,5/24/2021 8:20:54 PM,,5/24/2021 8:20:54 PM,,-124.141216890956,46.9453996964987
142,cc84d9df-df2c-4342-80ef-f806e4660857,b4380e51-3aef-42c4-8c82-32e424a5c7c5,5/24/2021 8:20:54 PM,,5/24/2021 8:20:54 PM,,-124.155325283527,46.9409974751194
143,000fe46a-9e02-4b5b-870f-4572f6e572c1,a7ff1f3e-a47a-427e-86fc-ee0a338bc522,5/24/2021 8:33:34 PM,,5/24/2021 8:33:34 PM,,-124.15493975999,43.8876728115394
144,6714740d-b503-4849-80a3-04e51cd4a412,a7ff1f3e-a47a-427e-86fc-ee0a338bc522,5/24/2021 8:33:34 PM,,5/24/2021 8:33:34 PM,,-124.138139805917,44.0155055456412
145,e9b3ea43-ed08-47fc-85a1-10810c21e7ea,12d25509-bb46-4710-8715-14ef27eb3e0f,5/24/2021 8:49:51 PM,,5/24/2021 8:49:51 PM,,-123.923638850548,46.0151136029772
146,5a864707-6721-4f6d-8d44-fcf05e1b0528,12d25509-bb46-4710-8715-14ef27eb3e0f,5/24/2021 8:49:51 PM,,5/24/2021 8:49:51 PM,,-123.930037013552,46.0308203863812
147,f5d23de2-1ee1-47c0-895b-dd64cbeb7718,22f1bdb4-c0dc-4330-8ffe-bddb0b7f6988,5/24/2021 11:38:20 PM,,5/24/2021 11:38:20 PM,,-123.958306635582,45.5057174462124
148,e0f3d4e4-8bfa-4741-8d9c-2ecd478fc983,22f1bdb4-c0dc-4330-8ffe-bddb0b7f6988,5/24/2021 11:38:20 PM,,5/24/2021 11:38:20 PM,,-123.953308635582,45.52761843671
149,91b48d06-7e26-4d24-8668-ba9342d54735,df74a229-64af-4537-8f43-03a97dc7deec,5/26/2021 7:52:11 PM,,5/26/2021 7:52:11 PM,,-124.548543038254,42.8270592377195
150,803f8cc9-a16a-4ec7-8454-c32a88f49d3b,df74a229-64af-4537-8f43-03a97dc7deec,5/26/2021 7:52:11 PM,,5/26/2021 7:52:11 PM,,-124.526688399199,42.7969780418468
151,2759c08a-5c41-4afd-82d8-fa245525f523,1eb23598-225f-4fae-8f77-667b8615dc82,5/27/2021 11:16:42 PM,,5/27/2021 11:16:42 PM,,-123.96472,46.14894
152,76725e0b-b15c-441d-8b8e-4f17ba6d2e99,1eb23598-225f-4fae-8f77-667b8615dc82,5/27/2021 11:16:42 PM,,5/27/2021 11:16:42 PM,,-123.948833,46.1135970090726
153,079f1a16-fc58-4790-8653-497bf0caa295,f0d072fc-8380-4e92-8f34-78983386291e,5/28/2021 9:35:40 PM,,5/28/2021 9:35:40 PM,,-123.96543,45.26733
154,3d6a1b17-099c-4188-817e-d22bae91570c,f0d072fc-8380-4e92-8f34-78983386291e,5/28/2021 9:35:40 PM,,5/28/2021 9:35:40 PM,,-123.95851,45.275184
155,98388ce6-d571-4370-8068-931a73eab6cd,7e425293-871f-4e85-8e4e-cbcef551c8d8,5/28/2021 9:40:04 PM,,5/28/2021 9:40:04 PM,,-123.939875,45.686862
156,95077e4d-ab9c-4e9a-8325-ad5bddea53ca,7e425293-871f-4e85-8e4e-cbcef551c8d8,5/28/2021 9:40:04 PM,,5/28/2021 9:40:04 PM,,-123.941511,45.657623
157,896dada5-b4e3-45c6-8f41-a905f1fba5f4,cb4750a7-1618-4ee6-8550-16b0de88ea9b,5/28/2021 9:42:55 PM,,5/28/2021 9:42:55 PM,,-123.968868,45.368821
158,73ade87a-e6bd-40c9-8814-d71a468804f7,cb4750a7-1618-4ee6-8550-16b0de88ea9b,5/28/2021 9:42:55 PM,,5/28/2021 9:42:55 PM,,-123.956765,45.428163
161,f0b5bcf2-b7e7-40c6-8458-9066d6a22a2a,d3607012-a047-4cf1-8dc2-29bd2452a853,5/28/2021 11:50:02 PM,,5/28/2021 11:50:02 PM,,-124.0619,46.54836
162,5360fbe3-e1fb-48c8-8f65-c3fb6747ed93,d3607012-a047-4cf1-8dc2-29bd2452a853,5/28/2021 11:50:02 PM,,5/28/2021 11:50:02 PM,,-124.05286,46.64493
163,c332df1c-3457-45bf-8d39-f75443627054,240c9d78-d07f-42bd-85b0-bd2328acf33a,5/28/2021 11:56:42 PM,,5/28/2021 11:56:42 PM,,-124.075594687369,46.2706978740289
164,99ba290f-e196-4276-875c-0b9ef048d14d,240c9d78-d07f-42bd-85b0-bd2328acf33a,5/28/2021 11:56:42 PM,,5/28/2021 11:56:42 PM,,-124.07501,46.29687
165,e649cf64-f8f9-49f5-8284-225843e72b13,22dcf0a0-4d9b-402a-8060-41bee46b8a33,5/29/2021 12:03:26 AM,,5/29/2021 12:03:26 AM,,-124.06196,46.54836
166,633ca024-f3cf-4ba6-86ca-a26c49e25e39,22dcf0a0-4d9b-402a-8060-41bee46b8a33,5/29/2021 12:03:26 AM,,5/29/2021 12:03:26 AM,,-124.0753,46.3025
167,3e97a328-bb8d-440f-8637-4de6a36544dd,6dd4bdbb-1495-4306-8801-aea282d9197c,6/1/2021 5:00:33 PM,,6/1/2021 5:00:33 PM,,-123.959750152804,45.2817256336976
168,cf3be634-f5df-4b33-8d5c-474f2db36e8a,6dd4bdbb-1495-4306-8801-aea282d9197c,6/1/2021 5:00:33 PM,,6/1/2021 5:00:33 PM,,-123.963704551426,45.2871593385707
169,430b8d2b-cf13-4151-8c61-d2a02d77947c,6d004363-a3f4-4cc7-8242-6a7924addcea,6/1/2021 11:43:34 PM,,6/1/2021 11:43:34 PM,,-124.129826390997,44.0511093467427
170,7ccccd1b-567d-4c0f-87e9-937f7a44c7a6,6d004363-a3f4-4cc7-8242-6a7924addcea,6/1/2021 11:43:34 PM,,6/1/2021 11:43:34 PM,,-124.140271974391,44.0185868933999
171,1e84980d-054d-476d-8ca2-86a1102d9b19,d5355374-6f24-4be5-83f5-270263ae4ded,6/10/2021 1:14:08 AM,,6/10/2021 1:14:08 AM,,-124.300380611146,43.4117686389718
172,70e0739e-aec1-4fdb-8e56-176613145899,d5355374-6f24-4be5-83f5-270263ae4ded,6/10/2021 1:14:08 AM,,6/10/2021 1:14:08 AM,,-124.337047627251,43.3570803148732
173,f6b5c632-baa3-4584-8db0-15dba0d6f6a9,172c65e4-a8de-45d0-8787-60f805c5ec4f,6/10/2021 1:22:18 AM,,6/10/2021 1:22:18 AM,,-124.436399740906,43.0789917172355
174,18ff8906-14c9-4a4d-8150-bbc174d4c146,172c65e4-a8de-45d0-8787-60f805c5ec4f,6/10/2021 1:22:18 AM,,6/10/2021 1:22:18 AM,,-124.464208883972,42.9877187239901
175,6504d8d3-8fad-40aa-8409-2f5f560542b9,0cf1ffdf-8981-44ac-8c44-fb377a82474d,6/10/2021 1:28:15 AM,,6/10/2021 1:28:15 AM,,-124.465336052225,42.9854257876877
176,e12d1f5e-e759-4607-88c7-d50a3c595273,0cf1ffdf-8981-44ac-8c44-fb377a82474d,6/10/2021 1:28:15 AM,,6/10/2021 1:28:15 AM,,-124.509524187672,42.9026562309745
177,887a5f00-65ef-4390-8e67-2ea792a9ec92,bdbdd322-1611-439c-8d8a-350c25e1b03c,7/8/2021 10:51:33 PM,,7/8/2021 10:51:33 PM,,-124.123154067173,44.1048905885058
178,47201cd7-346f-49c3-87e8-e3c9e2ad9082,bdbdd322-1611-439c-8d8a-350c25e1b03c,7/8/2021 10:51:33 PM,,7/8/2021 10:51:33 PM,,-124.130092053936,44.051791199009
179,d1ff902e-a20f-47de-85ea-992cadf8ffd4,96e771e4-311e-4fbf-8a7c-91fb9c8b39ef,7/8/2021 10:52:35 PM,,7/8/2021 10:52:35 PM,,-124.17156667746,43.7910566186318
180,62e31e55-851d-4e94-84d0-932608184df3,96e771e4-311e-4fbf-8a7c-91fb9c8b39ef,7/8/2021 10:52:35 PM,,7/8/2021 10:52:35 PM,,-124.182062085428,43.7485274120981
181,b0950f4d-5250-4a8d-896c-2c9710514dd6,cfcd2e63-fb5f-42ff-8233-230da47e0fda,7/8/2021 11:02:34 PM,,7/8/2021 11:02:34 PM,,-124.155689066504,43.8815937009125
182,c50c6cf8-4449-4d22-8e97-9d1f6747a85b,cfcd2e63-fb5f-42ff-8233-230da47e0fda,7/8/2021 11:02:34 PM,,7/8/2021 11:02:34 PM,,-124.15911023454,43.8601088522977
183,9f987ff4-ae41-43d0-8c9e-7a3a7496e9ec,d3c15d63-4be7-4dff-8c1c-1a48d9ba0c5c,7/8/2021 11:08:21 PM,,7/8/2021 11:08:21 PM,,-124.159195905576,43.8601845599317
184,10311e90-675b-4c07-8054-7a0e3dc22c55,d3c15d63-4be7-4dff-8c1c-1a48d9ba0c5c,7/8/2021 11:08:21 PM,,7/8/2021 11:08:21 PM,,-124.167421928076,43.8165913752653
185,62c0d774-e05a-4d10-84ba-b3ccf03136e9,cb5cf0ad-2345-4fc3-8200-e2740a8ea7f7,7/8/2021 11:19:03 PM,,7/8/2021 11:19:03 PM,,-124.167535990782,43.8164523608304
186,958b1c02-54aa-4662-8be0-50759a84ac6b,cb5cf0ad-2345-4fc3-8200-e2740a8ea7f7,7/8/2021 11:19:03 PM,,7/8/2021 11:19:03 PM,,-124.172709284801,43.7906681080735
187,2343dcdf-41d1-410a-8315-8c63ab6bdf73,b5d1cb74-61cc-403f-8b1e-24fee795625a,7/8/2021 11:24:53 PM,,7/8/2021 11:24:53 PM,,-124.209787985763,43.6561337504574
188,ff806e0f-cdf9-4132-85a9-138f9c48e948,b5d1cb74-61cc-403f-8b1e-24fee795625a,7/8/2021 11:24:53 PM,,7/8/2021 11:24:53 PM,,-124.237282032309,43.5491080790193
189,e88a777c-2f59-45de-836e-7c699144be9a,21bd0ef0-d8ba-4733-8e0b-9f0e28f7dd1c,7/21/2021 10:23:50 PM,,7/21/2021 10:23:50 PM,,-124.208461449113,43.6644428349052
190,2df4509f-7a57-458d-819b-6fac55e2275c,21bd0ef0-d8ba-4733-8e0b-9f0e28f7dd1c,7/21/2021 10:23:50 PM,,7/21/2021 10:23:50 PM,,-124.322976130458,43.3628999455197
191,6e3ba3f2-efb2-4a9b-85d9-f2488ba09f83,6d0fc162-ad30-4add-8b68-2536cc4f7c74,1/14/2022 11:37:06 PM,,1/14/2022 11:37:06 PM,,-117.194624884313,34.0567956900337
192,d999c5ef-c5c4-472f-8606-66943c51d95f,6d0fc162-ad30-4add-8b68-2536cc4f7c74,1/14/2022 11:37:06 PM,,1/14/2022 11:37:06 PM,,-117.193709355223,34.0574641871885
193,35b13fba-49ee-4add-8298-7d7d6a780499,bcf7ca96-b89c-4516-9c40-c15e84065077,1/16/2022 11:47:51 PM,william_ritchie@fws.gov_fws,1/16/2022 11:47:51 PM,william_ritchie@fws.gov_fws,-124.074396675893,46.2715411672029
194,92f14955-0692-4452-8b27-d793baaa9808,bcf7ca96-b89c-4516-9c40-c15e84065077,1/16/2022 11:47:51 PM,william_ritchie@fws.gov_fws,1/16/2022 11:47:51 PM,william_ritchie@fws.gov_fws,-124.07596347736,46.2967300760826
195,a10237b5-193f-4a9d-8c5f-84e8a10e78e8,f1f6fa6b-6087-4946-8d7d-8e38f6ebf236,1/17/2022 9:06:35 PM,,1/17/2022 9:06:35 PM,,-124.023640672694,44.9258324314047
196,5771dc74-4aac-4379-86e5-3dd698c1ca49,f1f6fa6b-6087-4946-8d7d-8e38f6ebf236,1/17/2022 9:06:35 PM,,1/17/2022 9:06:35 PM,,-124.027477066025,44.9197132581241
197,f6fd5ad8-963b-4204-8203-205a71347d6c,39decab9-88bd-4dae-8ea2-a40e3f17d15c,1/18/2022 3:36:37 AM,,1/18/2022 3:36:37 AM,,-123.967716607039,45.3754417458239
198,0bb0e0e0-7878-4d92-89aa-dafc578d953c,39decab9-88bd-4dae-8ea2-a40e3f17d15c,1/18/2022 3:36:37 AM,,1/18/2022 3:36:37 AM,,-123.957224918913,45.4337837424994
199,c219bc9f-7357-47b7-8194-5b6fbbaea022,57db5c40-31ae-42d3-8ae1-4dd195d00875,1/18/2022 6:11:08 PM,,1/18/2022 6:11:08 PM,,-124.082384616192,44.4526660538986
200,70aa5981-9fe6-4df2-8b06-d251467987cf,57db5c40-31ae-42d3-8ae1-4dd195d00875,1/18/2022 6:11:08 PM,,1/18/2022 6:11:08 PM,,-124.078441761409,44.4242855463646
201,781c9f43-330a-4013-874e-90c7719df69e,bcb4ccf9-b477-42aa-8230-b6f674c55360,1/18/2022 6:15:58 PM,,1/18/2022 6:15:58 PM,,-124.086648797311,44.4004785684549
202,378641c0-98db-4f08-8cd6-54fc7bfd3ad3,bcb4ccf9-b477-42aa-8230-b6f674c55360,1/18/2022 6:15:58 PM,,1/18/2022 6:15:58 PM,,-124.079664849375,44.4197186513569
203,543f4ce8-b2f6-4aa0-8edb-a8d0598390cb,16e025c5-3ee6-4929-869f-7b7db6d4823d,1/19/2022 12:43:05 AM,,1/19/2022 12:43:05 AM,,-123.940701416702,45.7035316895684
204,820278aa-6662-4d7b-825f-0b8cf4ce3961,16e025c5-3ee6-4929-869f-7b7db6d4823d,1/19/2022 12:43:05 AM,,1/19/2022 12:43:05 AM,,-123.941579794006,45.6582834643531
205,0028dbeb-7bd8-4305-84c5-e57e6e8fada3,ad8dbda1-1a6b-4c19-8cad-8576f964addf,1/19/2022 5:25:01 PM,,1/19/2022 5:25:01 PM,,-124.1529989,43.8971989
206,f52884be-57b9-4598-831d-1403f6600405,ad8dbda1-1a6b-4c19-8cad-8576f964addf,1/19/2022 5:25:01 PM,,1/19/2022 5:25:01 PM,,-124.13725,44.01541
207,9b9ac73b-eb42-4167-8d94-345a1d7b1b57,74744a4f-dc53-418f-8575-36dac30bc3b4,1/19/2022 6:46:27 PM,,1/19/2022 6:46:27 PM,,-123.959100820388,45.5033998568791
208,4b604c17-62a8-4469-8a84-8de6fb5bd686,74744a4f-dc53-418f-8575-36dac30bc3b4,1/19/2022 6:46:27 PM,,1/19/2022 6:46:27 PM,,-123.950759345001,45.5653892228397
209,230cdd67-67a4-493a-8679-5fc548a0c512,ae4b0575-8b38-4b25-895c-8ed8d9e06637,1/19/2022 10:54:12 PM,,1/19/2022 10:54:12 PM,,-124.422915331476,42.4617852813473
210,24798595-8c43-45c1-8206-2f544c59dd84,ae4b0575-8b38-4b25-895c-8ed8d9e06637,1/19/2022 10:54:12 PM,,1/19/2022 10:54:12 PM,,-124.430094470177,42.4232142482917
211,628060a6-8751-41fd-8a62-4f1fcabba44f,b5b6ba33-6c52-4874-8a82-b5e61b788cbb,1/20/2022 7:18:46 PM,,1/20/2022 7:18:46 PM,,-124.138985797438,44.0190810330971
212,f2690ca5-99f7-4142-8a26-4d2edbfe0e64,b5b6ba33-6c52-4874-8a82-b5e61b788cbb,1/20/2022 7:18:46 PM,,1/20/2022 7:18:46 PM,,-124.133538908423,44.0349798673488
213,c2b9f0a6-5fa1-440c-8cab-cc03d503ee2c,6098b0b4-0320-4bac-8aed-60d29b0cab25,1/20/2022 11:02:54 PM,,1/20/2022 11:02:54 PM,,-124.211861037602,41.9987237991833
214,d3397935-a6af-4f41-860f-3e471bcf87d6,6098b0b4-0320-4bac-8aed-60d29b0cab25,1/20/2022 11:02:54 PM,,1/20/2022 11:02:54 PM,,-124.210790133608,42.0049549966578
215,364274dd-5a27-4d19-8f68-a9e6ea0f405e,1c7225f5-7610-4c80-880f-21a4e0e3185d,1/21/2022 2:17:14 AM,,1/21/2022 2:17:14 AM,,-124.535118080673,42.8710238004576
216,c5835761-0059-4a5f-801d-ea8b6d2387da,1c7225f5-7610-4c80-880f-21a4e0e3185d,1/21/2022 2:17:14 AM,,1/21/2022 2:17:14 AM,,-124.543046690521,42.8546822713738
217,87665870-f9b4-4c97-870e-2b8f18892fc8,96b0aa4a-cec3-4d61-8a7f-3fa435151ce3,1/21/2022 2:22:08 AM,,1/21/2022 2:22:08 AM,,-124.400592009926,42.5368617685003
218,d6a932b2-8e11-4880-85e5-a3da59c146c4,96b0aa4a-cec3-4d61-8a7f-3fa435151ce3,1/21/2022 2:22:08 AM,,1/21/2022 2:22:08 AM,,-124.391385500029,42.5643229391835
219,9f1a808a-bfcd-472e-8872-b100354e317c,fd16aa08-58ee-42ef-8c24-9e84990f8611,1/21/2022 6:43:47 PM,kelsey_lotz@fws.gov_fws,1/21/2022 6:43:47 PM,kelsey_lotz@fws.gov_fws,-124.075060342678,46.3024068717605
220,273b9883-0aec-4b12-8a66-db365e52f60a,fd16aa08-58ee-42ef-8c24-9e84990f8611,1/21/2022 6:43:47 PM,kelsey_lotz@fws.gov_fws,1/21/2022 6:43:47 PM,kelsey_lotz@fws.gov_fws,-124.061799082319,46.5482942059667
221,e7589b4a-262a-4ba7-8b85-0cd5e4e9aed2,b18c1850-9e8a-4a5c-809f-26ff12e35bb9,1/21/2022 9:51:10 PM,,1/21/2022 9:51:10 PM,,-124.396053884206,43.2106664237486
222,8fa34181-0127-4cd4-8530-ac573987ff3b,b18c1850-9e8a-4a5c-809f-26ff12e35bb9,1/21/2022 9:51:10 PM,,1/21/2022 9:51:10 PM,,-124.425134669702,43.1247081520614
223,93d4e28a-e5e1-441e-8bff-007bceb3d6c1,e640f1da-0cd2-449d-8f90-d48a7956c5b4,1/21/2022 10:41:42 PM,,1/21/2022 10:41:42 PM,,-123.920217982005,46.0168316994871
224,2158fd48-ff38-4221-8b65-a68a7a68223c,e640f1da-0cd2-449d-8f90-d48a7956c5b4,1/21/2022 10:41:42 PM,,1/21/2022 10:41:42 PM,,-123.930654991628,46.0313108062965
225,656f38da-8d85-4202-89a2-894509986d1e,d5012e40-2057-4a28-8b84-1ba62d02cfa0,1/22/2022 2:13:51 AM,,1/22/2022 2:13:51 AM,,-124.066065051324,44.6256136452232
226,0d807705-9706-4f81-8e7c-8794bb274747,d5012e40-2057-4a28-8b84-1ba62d02cfa0,1/22/2022 2:13:51 AM,,1/22/2022 2:13:51 AM,,-124.066755258158,44.6181970694502
227,421f3d3e-5e97-4859-8058-a8b81633e45d,f8a51731-9c1f-4743-8eb1-3778a6451a7d,1/22/2022 7:30:01 PM,,1/22/2022 7:30:01 PM,,-124.005346514816,46.2366638530677
228,9a8b9d3f-98ad-4d10-8cc8-d6facd76a147,f8a51731-9c1f-4743-8eb1-3778a6451a7d,1/22/2022 7:30:01 PM,,1/22/2022 7:30:01 PM,,-124.019886885979,46.228865544168
229,5de16939-d4fc-48e4-8b52-cf846529b5f5,8ac17e97-1da0-44d2-8a35-c55afb6bb5b9,1/22/2022 10:53:13 PM,,1/22/2022 10:53:13 PM,,-123.99575,45.03916
230,af169902-4eff-4309-8f83-071c866c3f4e,8ac17e97-1da0-44d2-8a35-c55afb6bb5b9,1/22/2022 10:53:13 PM,,1/22/2022 10:53:13 PM,,-124.00776,45.03468
231,a8b4c464-6390-4259-8899-4c47d1610cb4,e232574e-f806-4dea-8d2b-aacee79f08c5,1/23/2022 3:57:37 AM,,1/23/2022 3:57:37 AM,,-124.070045049491,44.6117252958032
232,e6895bbe-51bb-46cc-8b59-8e787f50ff4b,e232574e-f806-4dea-8d2b-aacee79f08c5,1/23/2022 3:57:37 AM,,1/23/2022 3:57:37 AM,,-124.066626974665,44.5912445274931
233,bca50098-2473-45a6-8634-442b35cbe2b4,fcd425f8-abe7-4a4f-8b44-7e613a13d53e,1/25/2022 9:50:54 PM,,1/25/2022 9:50:54 PM,,-124.124736173134,44.0885298199021
234,d754d289-0735-48c6-8ad2-d7fa8def2f84,fcd425f8-abe7-4a4f-8b44-7e613a13d53e,1/25/2022 9:50:54 PM,,1/25/2022 9:50:54 PM,,-124.131055328064,44.0538674919186
235,8c4703af-d454-4a92-8fc0-43cef1a1e5a2,606a7c45-d1aa-4b87-8e13-73d201d2cf53,1/25/2022 11:15:57 PM,,1/25/2022 11:15:57 PM,,-124.171766079407,43.7928463587042
236,e83cf043-a664-4271-81f2-943071a9d289,606a7c45-d1aa-4b87-8e13-73d201d2cf53,1/25/2022 11:15:57 PM,,1/25/2022 11:15:57 PM,,-124.167715943794,43.8164767674098
237,e089efbc-2b5f-4019-8795-59c78f128c94,98e8fb88-9948-4fc7-8f6d-ca97d9f9ac3c,1/25/2022 11:31:57 PM,,1/25/2022 11:31:57 PM,,-124.167673172722,43.8164748870367
238,02767d1e-1e42-45ed-8c64-925a20244fa7,98e8fb88-9948-4fc7-8f6d-ca97d9f9ac3c,1/25/2022 11:31:57 PM,,1/25/2022 11:31:57 PM,,-124.159492435226,43.8601877064804
239,da78e725-5399-4e1f-8a88-4369c90a6a32,7b4e6b1f-1415-4200-88b6-c7dcf50404e4,1/25/2022 11:54:39 PM,,1/25/2022 11:54:39 PM,,-124.159513892899,43.8602193426772
240,6a11cdcd-7797-48ba-87db-1f9d01c85095,7b4e6b1f-1415-4200-88b6-c7dcf50404e4,1/25/2022 11:54:39 PM,,1/25/2022 11:54:39 PM,,-124.154331865082,43.8895250323503
241,bbd61099-3f80-4419-83fe-622781396695,c9fed0c9-a9dd-44ca-8918-b98948004d78,1/26/2022 12:13:40 AM,,1/26/2022 12:13:40 AM,,-124.227341061249,43.5789388052564
242,bc7d4d51-7279-4591-80e8-7d34e676d221,c9fed0c9-a9dd-44ca-8918-b98948004d78,1/26/2022 12:13:40 AM,,1/26/2022 12:13:40 AM,,-124.213608151093,43.6315497275711
243,9bed473a-2480-4823-88c6-9f13227b741b,07627be7-a80e-498a-89f2-000105bfbb5a,1/26/2022 12:27:35 AM,,1/26/2022 12:27:35 AM,,-124.227138274629,43.5793562241459
244,6c4a350a-5c63-4105-898c-7df067d6d625,07627be7-a80e-498a-89f2-000105bfbb5a,1/26/2022 12:27:35 AM,,1/26/2022 12:27:35 AM,,-124.235520496135,43.5537909993964
245,fa4bc34b-8f8f-4110-816d-a48cd705e68d,72458c3a-995a-48d8-8140-18932278acae,1/26/2022 12:56:39 AM,,1/26/2022 12:56:39 AM,,-124.435970587463,43.0736814902969
246,ae958138-123d-4174-872c-1d2b8c510c40,72458c3a-995a-48d8-8140-18932278acae,1/26/2022 12:56:39 AM,,1/26/2022 12:56:39 AM,,-124.450771016807,43.0227221920542
247,a4807bf8-5609-4af4-8026-0a49de8f2102,5e7236a8-4e51-48d8-8c2f-8bb048a7a40f,1/26/2022 12:59:28 AM,,1/26/2022 12:59:28 AM,,-124.459088598862,43.0009971917573
248,4c298ba0-eef8-41e8-8177-15a7b0d9f215,5e7236a8-4e51-48d8-8c2f-8bb048a7a40f,1/26/2022 12:59:28 AM,,1/26/2022 12:59:28 AM,,-124.509503399506,42.9025634950999
249,aa693c49-86ff-4517-874b-c90f130804f6,b72717cd-16b7-42da-894e-1490c072a5b6,1/26/2022 4:01:56 AM,,1/26/2022 4:01:56 AM,,-124.301314016843,43.4102249977116
250,83fdf235-fdeb-455c-85c5-0458e941d1bc,b72717cd-16b7-42da-894e-1490c072a5b6,1/26/2022 4:01:56 AM,,1/26/2022 4:01:56 AM,,-124.337672077763,43.3572269690392
251,7ebd4b9b-a83c-4456-8e65-8fb1541c11e4,2c9b7731-6ae5-40fe-8e95-c211fd908fb3,1/26/2022 5:15:49 PM,,1/26/2022 5:15:49 PM,,-124.17179427783,43.7902958145813
252,74f98c5d-c6a4-4fcc-81a1-1fe726224942,2c9b7731-6ae5-40fe-8e95-c211fd908fb3,1/26/2022 5:15:49 PM,,1/26/2022 5:15:49 PM,,-124.206187424835,43.6722173979854
253,cdb5ee09-8866-4f00-8634-b7c71d844c67,20095c9d-bafc-4e40-8d5b-8a4fc5ddc58b,1/26/2022 5:24:26 PM,,1/26/2022 5:24:26 PM,,-124.2419,43.5355
254,7ade6782-c3f8-4349-80fd-36f3a7d87549,20095c9d-bafc-4e40-8d5b-8a4fc5ddc58b,1/26/2022 5:24:26 PM,,1/26/2022 5:24:26 PM,,-124.28536,43.43864
255,602f7cd4-cc63-489f-85bd-a4736c22246b,eed305de-7ed0-4000-8984-aaf3e3f09ae9,1/26/2022 10:34:50 PM,,1/26/2022 10:34:50 PM,,-124.047802127381,46.7274836482279
256,74f7691a-113d-4c13-8bca-d8bc32ad8e30,eed305de-7ed0-4000-8984-aaf3e3f09ae9,1/26/2022 10:34:50 PM,,1/26/2022 10:34:50 PM,,-123.989158309479,46.7054309914472
257,43aca456-903b-461c-851f-cdcd0f9cfd55,08fe1903-e114-402c-8545-aab9ddb02513,1/27/2022 6:36:57 PM,,1/27/2022 6:36:57 PM,,-124.110172094127,46.8411844797019
258,796fe687-4b16-4e7b-81b6-6307c051f075,08fe1903-e114-402c-8545-aab9ddb02513,1/27/2022 6:36:57 PM,,1/27/2022 6:36:57 PM,,-124.091571460232,46.7441616916064
259,cd82f6c7-f479-411e-82bf-81562b86e69a,5f8c2bd4-9ce4-4fde-889f-3bb7b6d72665,1/27/2022 6:41:19 PM,,1/27/2022 6:41:19 PM,,-124.186175902618,47.1398671681294
260,de228ece-67e9-4f24-8119-9d51edafa536,5f8c2bd4-9ce4-4fde-889f-3bb7b6d72665,1/27/2022 6:41:19 PM,,1/27/2022 6:41:19 PM,,-124.177326493896,47.0703336961479
261,85ab3f6a-f535-47bc-8b3d-38b79e5a9080,ab4a5a38-f419-4048-8e27-f782aef41389,1/27/2022 6:44:35 PM,,1/27/2022 6:44:35 PM,,-124.177074671987,47.0702610966227
262,d65470c6-88db-4581-8a69-2f898c491f3d,ab4a5a38-f419-4048-8e27-f782aef41389,1/27/2022 6:44:35 PM,,1/27/2022 6:44:35 PM,,-124.175452424252,46.9677843761048
263,2a27ec53-a4b4-4c6b-84d1-691426519b0c,8112d655-4392-4567-88fe-d0f4bb22d680,1/27/2022 6:47:12 PM,,1/27/2022 6:47:12 PM,,-124.184080236923,47.1213482951167
264,1d84247e-7e5f-488b-89bf-c8f4ea94971a,8112d655-4392-4567-88fe-d0f4bb22d680,1/27/2022 6:47:12 PM,,1/27/2022 6:47:12 PM,,-124.18495999755,47.139941634338
265,c387f1a1-cc11-4608-89dd-872c42cb9a2e,55c3bbf9-6244-40a7-888d-e45e0bc43ce2,1/31/2022 5:30:30 PM,,1/31/2022 5:30:30 PM,,-123.965014620054,46.1500720688208
266,4cdd632f-3448-4674-8fcb-372edc52140f,55c3bbf9-6244-40a7-888d-e45e0bc43ce2,1/31/2022 5:30:30 PM,,1/31/2022 5:30:30 PM,,-123.94849,46.11367
267,581d24a9-c6fa-453e-80a4-91bc7bab85fb,00e5f31b-853f-4fe0-8d62-a31101ab6d13,2/1/2022 7:25:22 PM,,2/1/2022 7:25:22 PM,,-124.527207195928,42.7976477136855
268,dc5ea3ce-50f2-47ee-8d19-a02392dc92be,00e5f31b-853f-4fe0-8d62-a31101ab6d13,2/1/2022 7:25:22 PM,,2/1/2022 7:25:22 PM,,-124.550706053924,42.828128490866
269,a29764b4-564f-4051-8f91-3316f18769b0,f0cb2bb1-3beb-4979-849d-f3dfdc776386,2/1/2022 11:46:16 PM,,2/1/2022 11:46:16 PM,,-124.05987,44.65185
270,32d1f779-aac1-4ed3-88d8-f901d5ebdacf,f0cb2bb1-3beb-4979-849d-f3dfdc776386,2/1/2022 11:46:16 PM,,2/1/2022 11:46:16 PM,,-124.06104,44.6713
271,4f7ff167-60f1-4329-8436-0817a66f53c5,6f9b2565-5fb8-4b04-87b3-e2efbb336b46,2/1/2022 11:49:04 PM,,2/1/2022 11:49:04 PM,,-123.968701837387,45.1919496101706
272,b8d91275-ea84-4fe8-8801-c6b4838c74c2,6f9b2565-5fb8-4b04-87b3-e2efbb336b46,2/1/2022 11:49:04 PM,,2/1/2022 11:49:04 PM,,-123.969434080448,45.1624945953903
273,0413314e-74a1-4274-88c5-75b06eb0ab65,5f610773-614d-4821-8986-2faf4aff9184,2/2/2022 12:47:06 AM,,2/2/2022 12:47:06 AM,,-124.06245,46.54841
274,372a19e2-41bc-4a30-80d8-3bcc18dbc393,5f610773-614d-4821-8986-2faf4aff9184,2/2/2022 12:47:06 AM,,2/2/2022 12:47:06 AM,,-124.06245,46.66277
275,a6167603-053f-4792-82ab-f3e33ed35ad2,193c2acb-ff33-4baa-8df2-c0576a7754b1,2/3/2022 12:16:27 AM,,2/3/2022 12:16:27 AM,,-123.960006149652,45.2813613952568
276,430ea25e-39d9-4688-887a-3e0575bd9868,193c2acb-ff33-4baa-8df2-c0576a7754b1,2/3/2022 12:16:27 AM,,2/3/2022 12:16:27 AM,,-123.963882676894,45.2984550563287
277,af67a7b7-5acc-4036-8006-c1cba0bef1d4,6479171a-a5fb-4ff0-8a52-8ab7eee511a2,2/3/2022 12:25:37 AM,,2/3/2022 12:25:37 AM,,-123.965696899891,45.2666536744352
278,0da2a57a-b104-4638-81f4-bfbac63dd82d,6479171a-a5fb-4ff0-8a52-8ab7eee511a2,2/3/2022 12:25:37 AM,,2/3/2022 12:25:37 AM,,-123.959857202413,45.2758704857115
